first_switched,last_switched,srcaddr,srcport,dstaddr,dstport,proto,bytes,pkts
1767225600.000000,1767225601.000000,10.0.0.5,1111,203.0.113.10,443,6,150,3
1767225660.000000,1767225661.000000,10.0.0.5,2222,203.0.113.10,443,6,150,3
